comment,id,author_is_blocked,comment_type,banned_by,total_awards_received,subreddit,likes,author,created_utc,score,ups,downs
$2 on ali and temu,jrygcus,False,,,0,VALORANT,,Lawrence3s,1689354071.0,64,64,0
This is blatant self promotion...,jryga4g,False,,,0,VALORANT,,ajm53092,1689354043.0,42,42,0
BRO where can i buy one of these üòç,jry6hnv,False,,,0,VALORANT,,skellyton96,1689350321.0,23,23,0
these are on ali express for like 2-3 dollars each.,js1ri8j,False,,,0,VALORANT,,ahmeddiar,1689415218.0,2,2,0
Those are neat,jrz4rqv,False,,,0,VALORANT,,Reshenth,1689363509.0,1,1,0
"Damn, that's a huge ruler.",js1a0mf,False,,,0,VALORANT,,HaikenRD,1689401399.0,1,1,0
Dude!! Thats sooo sick!,jry7mgz,False,,,0,VALORANT,,Imaginary-Marketing3,1689350768.0,0,0,0
I love the champions vandal,jryf18q,False,,,0,VALORANT,,PHILIPTNT,1689353580.0,0,0,0
Super neat,jrzz3j1,False,,,0,VALORANT,,EnbyBaddie,1689376187.0,0,0,0
"Yes, we know there are some similar rip-off to our product on aliexpress and temu now (excluding the newer models), since the [first post](https://www.reddit.com/r/VALORANT/comments/xd8scb/made_some_valorant_keychain_models_fan_art/) after we showcase it here.   
After we [create ](https://gamerdiorama.com/blogs/news/production-of-valorant-weapon-keychains)each model, we are aware of the  replica that shows up and some listings even use our images. Also no, we do not dropship them. Soon, you will see our newer models on those sites too (which we found to be of inferior quality)  
Of course, these are just fan arts and the original ip is not ours, so this post is not to claim originality but just to put it out there that we're not dropshipping nor associated with those aliexpress/temu shops. Feel free to think otherwise.  


Thank you for looking at our fanarts, and to riot for this awesome game",js2cf9v,False,,,0,VALORANT,,gamerdiorama,1689428530.0,0,0,0
